epoc, error
0, 2.397086551194138
75, 0.40708652196465483
